tick,type,tempo,time,meta,track,numerator,denominator,clocks_per_click,notated_32nd_notes_per_beat,key,port,control,value,channel,program,note,velocity,pitch,data
0,set_tempo,375000,0,1,0,,,,,,,,,,,,,,
0,track_name,,0,1,10,,,,,,,,,,,,,,
0,midi_port,,0,1,10,,,,,,0,,,,,,,,
0,text,,0,1,10,,,,,,,,,,,,,,
0,text,,0,1,10,,,,,,,,,,,,,,
0,midi_port,,0,1,8,,,,,,0,,,,,,,,
0,track_name,,0,1,8,,,,,,,,,,,,,,
0,track_name,,0,1,2,,,,,,,,,,,,,,
0,midi_port,,0,1,2,,,,,,0,,,,,,,,
0,midi_port,,0,1,7,,,,,,0,,,,,,,,
0,midi_port,,0,1,4,,,,,,0,,,,,,,,
0,midi_port,,0,1,15,,,,,,0,,,,,,,,
0,track_name,,0,1,15,,,,,,,,,,,,,,
0,track_name,,0,1,7,,,,,,,,,,,,,,
0,midi_port,,0,1,14,,,,,,0,,,,,,,,
0,track_name,,0,1,14,,,,,,,,,,,,,,
0,track_name,,0,1,11,,,,,,,,,,,,,,
0,midi_port,,0,1,11,,,,,,0,,,,,,,,
0,midi_port,,0,1,6,,,,,,0,,,,,,,,
0,track_name,,0,1,6,,,,,,,,,,,,,,
0,midi_port,,0,1,13,,,,,,0,,,,,,,,
0,track_name,,0,1,3,,,,,,,,,,,,,,
0,midi_port,,0,1,3,,,,,,0,,,,,,,,
0,midi_port,,0,1,5,,,,,,0,,,,,,,,
0,track_name,,0,1,5,,,,,,,,,,,,,,
0,track_name,,0,1,12,,,,,,,,,,,,,,
0,midi_port,,0,1,12,,,,,,0,,,,,,,,
0,track_name,,0,1,13,,,,,,,,,,,,,,
0,track_name,,0,1,9,,,,,,,,,,,,,,
0,midi_port,,0,1,9,,,,,,0,,,,,,,,
0,track_name,,0,1,4,,,,,,,,,,,,,,
0,text,,0,1,0,,,,,,,,,,,,,,
0,key_signature,,0,1,0,,,,,Bm,,,,,,,,,
0,midi_port,,0,1,1,,,,,,0,,,,,,,,
0,text,,0,1,0,,,,,,,,,,,,,,
0,text,,0,1,0,,,,,,,,,,,,,,
0,text,,0,1,0,,,,,,,,,,,,,,
0,text,,0,1,0,,,,,,,,,,,,,,
0,track_name,,0,1,1,,,,,,,,,,,,,,
0,text,,0,1,0,,,,,,,,,,,,,,
0,text,,0,1,0,,,,,,,,,,,,,,
0,text,,0,1,0,,,,,,,,,,,,,,
0,track_name,,0,1,0,,,,,,,,,,,,,,
0,key_signature,,0,1,0,,,,,C,,,,,,,,,
0,key_signature,,0,1,0,,,,,F,,,,,,,,,
0,time_signature,,0,1,0,3,4,24,8,,,,,,,,,,
6,sysex,,6,0,10,,,,,,,,,,,,,,"(65, 16, 22, 18, 127, 0, 0, 0, 1)"
6,text,,0,1,10,,,,,,,,,,,,,,
12,text,,0,1,10,,,,,,,,,,,,,,
12,text,,0,1,10,,,,,,,,,,,,,,
12,text,,0,1,10,,,,,,,,,,,,,,
12,text,,0,1,10,,,,,,,,,,,,,,
12,text,,0,1,10,,,,,,,,,,,,,,
12,text,,0,1,10,,,,,,,,,,,,,,
12,text,,0,1,10,,,,,,,,,,,,,,
12,text,,0,1,10,,,,,,,,,,,,,,
12,sysex,,0,0,10,,,,,,,,,,,,,,"(65, 16, 22, 18, 16, 0, 20, 16, 76)"
12,text,,0,1,10,,,,,,,,,,,,,,
12,text,,6,1,10,,,,,,,,,,,,,,
12,sysex,,0,0,10,,,,,,,,,,,,,,"(65, 16, 22, 18, 16, 0, 13, 16, 83)"
12,sysex,,0,0,10,,,,,,,,,,,,,,"(65, 16, 22, 18, 16, 0, 14, 16, 82)"
12,sysex,,0,0,10,,,,,,,,,,,,,,"(65, 16, 22, 18, 16, 0, 15, 16, 81)"
12,sysex,,0,0,10,,,,,,,,,,,,,,"(65, 16, 22, 18, 16, 0, 16, 16, 80)"
12,sysex,,0,0,10,,,,,,,,,,,,,,"(65, 16, 22, 18, 16, 0, 21, 16, 75)"
12,sysex,,0,0,10,,,,,,,,,,,,,,"(65, 16, 22, 18, 16, 0, 17, 16, 79)"
12,text,,0,1,10,,,,,,,,,,,,,,
12,sysex,,0,0,10,,,,,,,,,,,,,,"(65, 16, 22, 18, 16, 0, 19, 16, 77)"
12,sysex,,0,0,10,,,,,,,,,,,,,,"(65, 16, 22, 18, 16, 0, 18, 16, 78)"
18,sysex,,0,0,10,,,,,,,,,,,,,,"(65, 16, 22, 18, 82, 0, 15, 16, 15)"
18,sysex,,0,0,10,,,,,,,,,,,,,,"(65, 16, 22, 18, 82, 0, 14, 16, 16)"
18,text,,0,1,10,,,,,,,,,,,,,,
18,sysex,,0,0,10,,,,,,,,,,,,,,"(65, 16, 22, 18, 82, 0, 12, 16, 18)"
18,sysex,,0,0,10,,,,,,,,,,,,,,"(65, 16, 22, 18, 82, 0, 11, 16, 19)"
18,sysex,,0,0,10,,,,,,,,,,,,,,"(65, 16, 22, 18, 82, 0, 10, 16, 20)"
18,text,,0,1,10,,,,,,,,,,,,,,
18,text,,0,1,10,,,,,,,,,,,,,,
18,text,,0,1,10,,,,,,,,,,,,,,
18,text,,0,1,10,,,,,,,,,,,,,,
18,text,,0,1,10,,,,,,,,,,,,,,
18,text,,0,1,10,,,,,,,,,,,,,,
18,sysex,,0,0,10,,,,,,,,,,,,,,"(65, 16, 22, 18, 82, 0, 13, 16, 17)"
18,text,,6,1,10,,,,,,,,,,,,,,
24,text,,0,1,10,,,,,,,,,,,,,,
24,text,,0,1,10,,,,,,,,,,,,,,
24,text,,0,1,10,,,,,,,,,,,,,,
24,sysex,,6,0,10,,,,,,,,,,,,,,"(65, 16, 66, 18, 64, 0, 127, 0, 65)"
30,sysex,,6,0,10,,,,,,,,,,,,,,"(65, 16, 66, 18, 64, 1, 56, 6, 1)"
30,text,,0,1,10,,,,,,,,,,,,,,
36,sysex,,6,0,10,,,,,,,,,,,,,,"(65, 16, 66, 18, 64, 1, 62, 32, 97)"
36,text,,0,1,10,,,,,,,,,,,,,,
42,text,,0,1,10,,,,,,,,,,,,,,
42,text,,0,1,10,,,,,,,,,,,,,,
42,sysex,,6,0,10,,,,,,,,,,,,,,"(65, 16, 66, 18, 64, 1, 61, 1, 1)"
42,text,,0,1,10,,,,,,,,,,,,,,
48,sysex,,6,0,10,,,,,,,,,,,,,,"(65, 16, 66, 18, 64, 1, 48, 3, 12)"
48,text,,0,1,10,,,,,,,,,,,,,,
54,sysex,,6,0,10,,,,,,,,,,,,,,"(65, 16, 66, 18, 64, 1, 51, 98, 42)"
54,text,,0,1,10,,,,,,,,,,,,,,
60,text,,0,1,10,,,,,,,,,,,,,,
60,sysex,,6,0,10,,,,,,,,,,,,,,"(65, 16, 66, 18, 64, 1, 52, 72, 67)"
66,text,,0,1,10,,,,,,,,,,,,,,
66,text,,0,1,10,,,,,,,,,,,,,,
66,sysex,,6,0,10,,,,,,,,,,,,,,"(65, 16, 66, 18, 64, 1, 54, 72, 65)"
72,sysex,,0,0,10,,,,,,,,,,,,,,"(65, 16, 66, 18, 64, 1, 16, 0, 1, 1, 1, 1, 4, 2, 2, 2, 2, 2, 2, 2, 2, 0, 0, 23)"
72,sysex,,6,0,10,,,,,,,,,,,,,,"(65, 16, 66, 18, 64, 0, 4, 127, 61)"
102,text,,0,1,14,,,,,,,,,,,,,,
102,text,,0,1,14,,,,,,,,,,,,,,
102,control_change,,0,0,14,,,,,,,0,0,13,,,,,
102,program_change,,0,0,14,,,,,,,,,13,47,,,,
102,text,,102,1,14,,,,,,,,,,,,,,
108,control_change,,0,0,14,,,,,,,7,110,13,,,,,
108,text,,6,1,14,,,,,,,,,,,,,,
114,control_change,,0,0,14,,,,,,,11,96,13,,,,,
114,text,,6,1,14,,,,,,,,,,,,,,
120,control_change,,0,0,14,,,,,,,10,64,13,,,,,
120,text,,6,1,14,,,,,,,,,,,,,,
126,control_change,,0,0,14,,,,,,,91,110,13,,,,,
126,text,,6,1,14,,,,,,,,,,,,,,
128,control_change,,0,0,14,,,,,,,93,30,13,,,,,
128,text,,2,1,14,,,,,,,,,,,,,,
130,control_change,,2,0,14,,,,,,,1,12,13,,,,,
132,pitchwheel,,2,0,14,,,,,,,,,13,,,,0,
134,text,,2,1,14,,,,,,,,,,,,,,
134,text,,0,1,14,,,,,,,,,,,,,,
134,control_change,,0,0,14,,,,,,,99,1,13,,,,,
136,control_change,,2,0,14,,,,,,,98,32,13,,,,,
138,control_change,,2,0,14,,,,,,,6,40,13,,,,,
140,control_change,,0,0,14,,,,,,,98,33,13,,,,,
140,text,,2,1,14,,,,,,,,,,,,,,
142,control_change,,2,0,14,,,,,,,6,54,13,,,,,
144,control_change,,0,0,12,,,,,,,91,85,11,,,,,
144,control_change,,0,0,14,,,,,,,98,99,13,,,,,
144,text,,144,1,12,,,,,,,,,,,,,,
144,text,,0,1,12,,,,,,,,,,,,,,
144,text,,0,1,12,,,,,,,,,,,,,,
144,text,,2,1,14,,,,,,,,,,,,,,
144,text,,144,1,11,,,,,,,,,,,,,,
144,control_change,,0,0,6,,,,,,,91,95,5,,,,,
144,text,,0,1,11,,,,,,,,,,,,,,
144,control_change,,0,0,3,,,,,,,91,80,2,,,,,
144,text,,0,1,3,,,,,,,,,,,,,,
144,text,,0,1,3,,,,,,,,,,,,,,
144,text,,144,1,3,,,,,,,,,,,,,,
144,text,,144,1,13,,,,,,,,,,,,,,
144,text,,144,1,4,,,,,,,,,,,,,,
144,text,,0,1,4,,,,,,,,,,,,,,
144,text,,0,1,4,,,,,,,,,,,,,,
144,control_change,,0,0,4,,,,,,,91,85,3,,,,,
144,text,,0,1,13,,,,,,,,,,,,,,
144,text,,0,1,13,,,,,,,,,,,,,,
144,control_change,,0,0,13,,,,,,,91,85,12,,,,,
144,text,,0,1,11,,,,,,,,,,,,,,
144,control_change,,0,0,8,,,,,,,91,80,7,,,,,
144,text,,0,1,8,,,,,,,,,,,,,,
144,text,,144,1,6,,,,,,,,,,,,,,
144,text,,144,1,8,,,,,,,,,,,,,,
144,control_change,,0,0,11,,,,,,,91,80,10,,,,,
144,text,,0,1,6,,,,,,,,,,,,,,
144,text,,144,1,2,,,,,,,,,,,,,,
144,text,,0,1,2,,,,,,,,,,,,,,
144,text,,0,1,2,,,,,,,,,,,,,,
144,control_change,,0,0,2,,,,,,,91,80,1,,,,,
144,text,,0,1,6,,,,,,,,,,,,,,
144,text,,0,1,8,,,,,,,,,,,,,,
145,text,,145,1,5,,,,,,,,,,,,,,
145,text,,0,1,5,,,,,,,,,,,,,,
145,control_change,,0,0,9,,,,,,,91,80,8,,,,,
145,text,,0,1,9,,,,,,,,,,,,,,
145,text,,0,1,9,,,,,,,,,,,,,,
145,control_change,,0,0,1,,,,,,,91,90,0,,,,,
145,text,,0,1,5,,,,,,,,,,,,,,
145,control_change,,0,0,5,,,,,,,91,95,4,,,,,
145,text,,145,1,1,,,,,,,,,,,,,,
145,text,,0,1,1,,,,,,,,,,,,,,
145,text,,0,1,1,,,,,,,,,,,,,,
145,text,,145,1,9,,,,,,,,,,,,,,
146,control_change,,2,0,14,,,,,,,6,64,13,,,,,
146,text,,0,1,7,,,,,,,,,,,,,,
146,control_change,,0,0,15,,,,,,,91,105,14,,,,,
146,control_change,,0,0,7,,,,,,,91,105,6,,,,,
146,text,,146,1,7,,,,,,,,,,,,,,
146,text,,0,1,15,,,,,,,,,,,,,,
146,text,,0,1,15,,,,,,,,,,,,,,
146,text,,0,1,7,,,,,,,,,,,,,,
146,text,,146,1,15,,,,,,,,,,,,,,
147,control_change,,0,0,11,,,,,,,93,0,10,,,,,
147,control_change,,0,0,2,,,,,,,93,0,1,,,,,
147,text,,3,1,6,,,,,,,,,,,,,,
147,text,,3,1,11,,,,,,,,,,,,,,
147,text,,3,1,2,,,,,,,,,,,,,,
147,text,,3,1,4,,,,,,,,,,,,,,
147,text,,3,1,8,,,,,,,,,,,,,,
147,control_change,,0,0,8,,,,,,,93,0,7,,,,,
147,control_change,,0,0,6,,,,,,,93,0,5,,,,,
147,control_change,,0,0,13,,,,,,,93,0,12,,,,,
147,control_change,,0,0,4,,,,,,,93,0,3,,,,,
147,text,,3,1,13,,,,,,,,,,,,,,
147,control_change,,0,0,12,,,,,,,93,0,11,,,,,
147,text,,3,1,3,,,,,,,,,,,,,,
147,text,,3,1,12,,,,,,,,,,,,,,
147,control_change,,0,0,3,,,,,,,93,0,2,,,,,
148,text,,2,1,14,,,,,,,,,,,,,,
148,text,,3,1,1,,,,,,,,,,,,,,
148,control_change,,0,0,1,,,,,,,93,0,0,,,,,
148,text,,3,1,9,,,,,,,,,,,,,,
148,control_change,,0,0,9,,,,,,,93,0,8,,,,,
148,control_change,,0,0,5,,,,,,,93,0,4,,,,,
148,control_change,,0,0,14,,,,,,,98,100,13,,,,,
148,text,,3,1,5,,,,,,,,,,,,,,
149,control_change,,0,0,7,,,,,,,93,0,6,,,,,
149,text,,3,1,15,,,,,,,,,,,,,,
149,control_change,,0,0,15,,,,,,,93,0,14,,,,,
149,text,,3,1,7,,,,,,,,,,,,,,
150,text,,3,1,4,,,,,,,,,,,,,,
150,control_change,,0,0,4,,,,,,,0,0,3,,,,,
150,control_change,,0,0,13,,,,,,,0,0,12,,,,,
150,text,,3,1,13,,,,,,,,,,,,,,
150,control_change,,0,0,12,,,,,,,0,0,11,,,,,
150,control_change,,0,0,8,,,,,,,0,0,7,,,,,
150,control_change,,0,0,8,,,,,,,0,32,7,,,,,
150,program_change,,0,0,8,,,,,,,,,7,49,,,,
150,control_change,,2,0,14,,,,,,,6,64,13,,,,,
150,text,,3,1,3,,,,,,,,,,,,,,
150,control_change,,0,0,3,,,,,,,0,0,2,,,,,
150,text,,3,1,12,,,,,,,,,,,,,,
150,program_change,,0,0,13,,,,,,,,,12,49,,,,
150,control_change,,0,0,13,,,,,,,0,32,12,,,,,
150,program_change,,0,0,11,,,,,,,,,10,49,,,,
150,control_change,,0,0,2,,,,,,,0,0,1,,,,,
150,program_change,,0,0,3,,,,,,,,,2,71,,,,
150,program_change,,0,0,2,,,,,,,,,1,68,,,,
150,program_change,,0,0,6,,,,,,,,,5,56,,,,
150,control_change,,0,0,6,,,,,,,0,0,5,,,,,
150,control_change,,0,0,11,,,,,,,0,32,10,,,,,
150,text,,3,1,6,,,,,,,,,,,,,,
150,text,,3,1,11,,,,,,,,,,,,,,
150,program_change,,0,0,12,,,,,,,,,11,49,,,,
150,control_change,,0,0,12,,,,,,,0,32,11,,,,,
150,text,,3,1,8,,,,,,,,,,,,,,
150,program_change,,0,0,4,,,,,,,,,3,70,,,,
150,control_change,,0,0,11,,,,,,,0,0,10,,,,,
150,text,,3,1,2,,,,,,,,,,,,,,
151,text,,3,1,9,,,,,,,,,,,,,,
151,program_change,,0,0,9,,,,,,,,,8,49,,,,
151,text,,3,1,5,,,,,,,,,,,,,,
151,program_change,,0,0,1,,,,,,,,,0,73,,,,
151,control_change,,0,0,1,,,,,,,0,0,0,,,,,
151,text,,3,1,1,,,,,,,,,,,,,,
151,control_change,,0,0,9,,,,,,,0,0,8,,,,,
151,control_change,,0,0,5,,,,,,,0,0,4,,,,,
151,control_change,,0,0,9,,,,,,,0,32,8,,,,,
151,program_change,,0,0,5,,,,,,,,,4,60,,,,
152,text,,3,1,15,,,,,,,,,,,,,,
152,control_change,,0,0,7,,,,,,,0,0,6,,,,,
152,program_change,,0,0,15,,,,,,,,,14,57,,,,
152,control_change,,0,0,15,,,,,,,0,0,14,,,,,
152,control_change,,0,0,14,,,,,,,98,102,13,,,,,
152,text,,2,1,14,,,,,,,,,,,,,,
152,program_change,,0,0,7,,,,,,,,,6,57,,,,
152,text,,3,1,7,,,,,,,,,,,,,,
153,control_change,,0,0,3,,,,,,,7,82,2,,,,,
153,text,,3,1,12,,,,,,,,,,,,,,
153,control_change,,0,0,12,,,,,,,7,110,11,,,,,
153,control_change,,0,0,4,,,,,,,7,76,3,,,,,
153,text,,3,1,4,,,,,,,,,,,,,,
153,control_change,,0,0,11,,,,,,,7,108,10,,,,,
153,control_change,,0,0,2,,,,,,,7,96,1,,,,,
153,text,,3,1,2,,,,,,,,,,,,,,
153,text,,3,1,8,,,,,,,,,,,,,,
153,control_change,,0,0,6,,,,,,,7,96,5,,,,,
153,text,,3,1,6,,,,,,,,,,,,,,
153,control_change,,0,0,8,,,,,,,7,100,7,,,,,
153,control_change,,0,0,13,,,,,,,7,110,12,,,,,
153,text,,3,1,13,,,,,,,,,,,,,,
153,text,,3,1,3,,,,,,,,,,,,,,
153,text,,3,1,11,,,,,,,,,,,,,,
154,text,,3,1,5,,,,,,,,,,,,,,
154,control_change,,0,0,1,,,,,,,7,90,0,,,,,
154,control_change,,2,0,14,,,,,,,6,66,13,,,,,
154,control_change,,0,0,5,,,,,,,7,105,4,,,,,
154,text,,3,1,9,,,,,,,,,,,,,,
154,text,,3,1,1,,,,,,,,,,,,,,
154,control_change,,0,0,9,,,,,,,7,102,8,,,,,
155,control_change,,0,0,15,,,,,,,7,110,14,,,,,
155,text,,3,1,7,,,,,,,,,,,,,,
155,control_change,,0,0,7,,,,,,,7,115,6,,,,,
155,text,,3,1,15,,,,,,,,,,,,,,
156,text,,3,1,4,,,,,,,,,,,,,,
156,control_change,,0,0,11,,,,,,,11,96,10,,,,,
156,control_change,,0,0,6,,,,,,,11,96,5,,,,,
156,control_change,,0,0,4,,,,,,,11,96,3,,,,,
156,text,,3,1,6,,,,,,,,,,,,,,
156,text,,3,1,12,,,,,,,,,,,,,,
156,text,,3,1,8,,,,,,,,,,,,,,
156,control_change,,0,0,8,,,,,,,11,96,7,,,,,
156,text,,3,1,11,,,,,,,,,,,,,,
156,control_change,,0,0,12,,,,,,,11,96,11,,,,,
156,control_change,,0,0,2,,,,,,,11,96,1,,,,,
156,control_change,,0,0,13,,,,,,,11,96,12,,,,,
156,text,,3,1,13,,,,,,,,,,,,,,
156,text,,3,1,3,,,,,,,,,,,,,,
156,control_change,,0,0,3,,,,,,,11,96,2,,,,,
156,text,,3,1,2,,,,,,,,,,,,,,
157,text,,3,1,1,,,,,,,,,,,,,,
157,control_change,,0,0,1,,,,,,,11,96,0,,,,,
157,control_change,,0,0,5,,,,,,,11,96,4,,,,,
157,text,,3,1,5,,,,,,,,,,,,,,
157,text,,3,1,9,,,,,,,,,,,,,,
157,control_change,,0,0,9,,,,,,,11,96,8,,,,,
158,text,,3,1,7,,,,,,,,,,,,,,
158,text,,3,1,15,,,,,,,,,,,,,,
158,control_change,,0,0,7,,,,,,,11,96,6,,,,,
158,control_change,,0,0,15,,,,,,,11,96,14,,,,,
159,control_change,,0,0,2,,,,,,,10,52,1,,,,,
159,text,,3,1,2,,,,,,,,,,,,,,
159,control_change,,0,0,4,,,,,,,10,84,3,,,,,
159,control_change,,0,0,6,,,,,,,10,52,5,,,,,
159,text,,3,1,13,,,,,,,,,,,,,,
159,control_change,,0,0,12,,,,,,,10,85,11,,,,,
159,text,,3,1,12,,,,,,,,,,,,,,
159,control_change,,0,0,13,,,,,,,10,85,12,,,,,
159,text,,3,1,11,,,,,,,,,,,,,,
159,control_change,,0,0,11,,,,,,,10,64,10,,,,,
159,control_change,,0,0,8,,,,,,,10,30,7,,,,,
159,control_change,,0,0,3,,,,,,,10,36,2,,,,,
159,text,,3,1,3,,,,,,,,,,,,,,
159,text,,3,1,6,,,,,,,,,,,,,,
159,text,,3,1,4,,,,,,,,,,,,,,
159,text,,3,1,8,,,,,,,,,,,,,,
160,control_change,,0,0,1,,,,,,,10,48,0,,,,,
160,text,,3,1,1,,,,,,,,,,,,,,
160,text,,3,1,9,,,,,,,,,,,,,,
160,text,,3,1,5,,,,,,,,,,,,,,
160,control_change,,0,0,5,,,,,,,10,64,4,,,,,
160,control_change,,0,0,9,,,,,,,10,46,8,,,,,
161,control_change,,0,0,15,,,,,,,10,78,14,,,,,
161,text,,3,1,15,,,,,,,,,,,,,,
161,text,,3,1,7,,,,,,,,,,,,,,
161,control_change,,0,0,7,,,,,,,10,78,6,,,,,
162,text,,3,1,6,,,,,,,,,,,,,,
162,text,,0,1,12,,,,,,,,,,,,,,
162,text,,0,1,12,,,,,,,,,,,,,,
162,text,,3,1,8,,,,,,,,,,,,,,
162,text,,0,1,8,,,,,,,,,,,,,,
162,text,,0,1,8,,,,,,,,,,,,,,
162,control_change,,0,0,8,,,,,,,99,1,7,,,,,
162,control_change,,0,0,12,,,,,,,99,1,11,,,,,
162,text,,0,1,6,,,,,,,,,,,,,,
162,control_change,,0,0,11,,,,,,,99,1,10,,,,,
162,control_change,,0,0,13,,,,,,,99,1,12,,,,,
162,text,,0,1,13,,,,,,,,,,,,,,
162,text,,0,1,13,,,,,,,,,,,,,,
162,text,,3,1,13,,,,,,,,,,,,,,
162,text,,0,1,11,,,,,,,,,,,,,,
162,text,,3,1,12,,,,,,,,,,,,,,
162,text,,0,1,6,,,,,,,,,,,,,,
162,text,,3,1,11,,,,,,,,,,,,,,
162,control_change,,0,0,3,,,,,,,99,1,2,,,,,
162,text,,3,1,4,,,,,,,,,,,,,,
162,text,,0,1,4,,,,,,,,,,,,,,
162,text,,0,1,4,,,,,,,,,,,,,,
162,control_change,,0,0,4,,,,,,,99,1,3,,,,,
162,control_change,,0,0,6,,,,,,,99,1,5,,,,,
162,text,,0,1,2,,,,,,,,,,,,,,
162,control_change,,0,0,2,,,,,,,99,1,1,,,,,
162,text,,3,1,2,,,,,,,,,,,,,,
162,text,,0,1,11,,,,,,,,,,,,,,
162,text,,0,1,3,,,,,,,,,,,,,,
162,text,,0,1,3,,,,,,,,,,,,,,
162,text,,0,1,2,,,,,,,,,,,,,,
162,text,,3,1,3,,,,,,,,,,,,,,
163,text,,3,1,5,,,,,,,,,,,,,,
163,text,,0,1,5,,,,,,,,,,,,,,
163,text,,0,1,5,,,,,,,,,,,,,,
163,control_change,,0,0,5,,,,,,,99,1,4,,,,,
163,control_change,,0,0,9,,,,,,,99,1,8,,,,,
163,text,,3,1,1,,,,,,,,,,,,,,
163,text,,0,1,9,,,,,,,,,,,,,,
163,text,,0,1,1,,,,,,,,,,,,,,
163,text,,0,1,1,,,,,,,,,,,,,,
163,control_change,,0,0,1,,,,,,,99,1,0,,,,,
163,text,,0,1,9,,,,,,,,,,,,,,
163,text,,3,1,9,,,,,,,,,,,,,,
164,control_change,,0,0,15,,,,,,,99,1,14,,,,,
164,text,,0,1,15,,,,,,,,,,,,,,
164,text,,0,1,15,,,,,,,,,,,,,,
164,text,,0,1,7,,,,,,,,,,,,,,
164,text,,3,1,15,,,,,,,,,,,,,,
164,text,,3,1,7,,,,,,,,,,,,,,
164,control_change,,0,0,7,,,,,,,99,1,6,,,,,
164,text,,0,1,7,,,,,,,,,,,,,,
165,control_change,,3,0,6,,,,,,,98,8,5,,,,,
165,control_change,,3,0,3,,,,,,,98,8,2,,,,,
165,control_change,,3,0,12,,,,,,,98,8,11,,,,,
165,control_change,,3,0,2,,,,,,,98,8,1,,,,,
165,control_change,,3,0,8,,,,,,,98,8,7,,,,,
165,control_change,,3,0,4,,,,,,,98,8,3,,,,,
165,control_change,,3,0,11,,,,,,,98,8,10,,,,,
165,control_change,,3,0,13,,,,,,,98,8,12,,,,,
166,control_change,,3,0,5,,,,,,,98,8,4,,,,,
166,control_change,,3,0,1,,,,,,,98,8,0,,,,,
166,control_change,,3,0,9,,,,,,,98,8,8,,,,,
167,control_change,,3,0,7,,,,,,,98,8,6,,,,,
167,control_change,,3,0,15,,,,,,,98,8,14,,,,,
168,control_change,,3,0,2,,,,,,,6,72,1,,,,,
168,text,,0,1,4,,,,,,,,,,,,,,
168,control_change,,0,0,4,,,,,,,98,9,3,,,,,
168,control_change,,3,0,4,,,,,,,6,64,3,,,,,
168,control_change,,0,0,6,,,,,,,98,9,5,,,,,
168,text,,0,1,6,,,,,,,,,,,,,,
168,control_change,,0,0,12,,,,,,,98,9,11,,,,,
168,text,,0,1,12,,,,,,,,,,,,,,
168,control_change,,3,0,12,,,,,,,6,68,11,,,,,
168,control_change,,3,0,11,,,,,,,6,64,10,,,,,
168,text,,0,1,11,,,,,,,,,,,,,,
168,control_change,,0,0,11,,,,,,,98,9,10,,,,,
168,control_change,,0,0,8,,,,,,,98,9,7,,,,,
168,control_change,,0,0,2,,,,,,,98,9,1,,,,,
168,text,,0,1,8,,,,,,,,,,,,,,
168,control_change,,3,0,13,,,,,,,6,68,12,,,,,
168,text,,0,1,13,,,,,,,,,,,,,,
168,text,,0,1,2,,,,,,,,,,,,,,
168,control_change,,0,0,3,,,,,,,98,9,2,,,,,
168,text,,0,1,3,,,,,,,,,,,,,,
168,control_change,,3,0,3,,,,,,,6,70,2,,,,,
168,control_change,,3,0,6,,,,,,,6,64,5,,,,,
168,control_change,,3,0,8,,,,,,,6,68,7,,,,,
168,control_change,,0,0,13,,,,,,,98,9,12,,,,,
169,text,,0,1,5,,,,,,,,,,,,,,
169,text,,0,1,1,,,,,,,,,,,,,,
169,control_change,,3,0,5,,,,,,,6,64,4,,,,,
169,control_change,,0,0,5,,,,,,,98,9,4,,,,,
169,control_change,,3,0,1,,,,,,,6,68,0,,,,,
169,control_change,,0,0,1,,,,,,,98,9,0,,,,,
169,text,,0,1,9,,,,,,,,,,,,,,
169,control_change,,3,0,9,,,,,,,6,64,8,,,,,
169,control_change,,0,0,9,,,,,,,98,9,8,,,,,
170,control_change,,3,0,7,,,,,,,6,64,6,,,,,
170,control_change,,0,0,15,,,,,,,98,9,14,,,,,
170,text,,0,1,15,,,,,,,,,,,,,,
170,control_change,,3,0,15,,,,,,,6,64,14,,,,,
170,text,,0,1,7,,,,,,,,,,,,,,
170,control_change,,0,0,7,,,,,,,98,9,6,,,,,
171,control_change,,3,0,3,,,,,,,6,66,2,,,,,
171,text,,0,1,3,,,,,,,,,,,,,,
171,control_change,,0,0,3,,,,,,,98,10,2,,,,,
171,control_change,,0,0,6,,,,,,,98,10,5,,,,,
171,control_change,,3,0,6,,,,,,,6,64,5,,,,,
171,text,,0,1,6,,,,,,,,,,,,,,
171,control_change,,0,0,8,,,,,,,98,10,7,,,,,
171,text,,0,1,8,,,,,,,,,,,,,,
171,control_change,,0,0,13,,,,,,,98,10,12,,,,,
171,control_change,,3,0,8,,,,,,,6,70,7,,,,,
171,text,,0,1,4,,,,,,,,,,,,,,
171,text,,0,1,11,,,,,,,,,,,,,,
171,control_change,,0,0,2,,,,,,,98,10,1,,,,,
171,text,,0,1,2,,,,,,,,,,,,,,
171,control_change,,3,0,11,,,,,,,6,64,10,,,,,
171,control_change,,0,0,12,,,,,,,98,10,11,,,,,
171,text,,0,1,12,,,,,,,,,,,,,,
171,control_change,,3,0,2,,,,,,,6,70,1,,,,,
171,control_change,,3,0,4,,,,,,,6,64,3,,,,,
171,text,,0,1,13,,,,,,,,,,,,,,
171,control_change,,0,0,4,,,,,,,98,10,3,,,,,
171,control_change,,0,0,11,,,,,,,98,10,10,,,,,
171,control_change,,3,0,12,,,,,,,6,68,11,,,,,
171,control_change,,3,0,13,,,,,,,6,68,12,,,,,
172,control_change,,3,0,1,,,,,,,6,70,0,,,,,
172,text,,0,1,1,,,,,,,,,,,,,,
172,control_change,,0,0,1,,,,,,,98,10,0,,,,,
172,control_change,,3,0,9,,,,,,,6,64,8,,,,,
172,control_change,,0,0,9,,,,,,,98,10,8,,,,,
172,control_change,,3,0,5,,,,,,,6,64,4,,,,,
172,text,,0,1,9,,,,,,,,,,,,,,
172,control_change,,0,0,5,,,,,,,98,10,4,,,,,
172,text,,0,1,5,,,,,,,,,,,,,,
173,control_change,,0,0,7,,,,,,,98,10,6,,,,,
173,control_change,,3,0,15,,,,,,,6,64,14,,,,,
173,text,,0,1,15,,,,,,,,,,,,,,
173,control_change,,0,0,15,,,,,,,98,10,14,,,,,
173,text,,0,1,7,,,,,,,,,,,,,,
173,control_change,,3,0,7,,,,,,,6,64,6,,,,,
174,text,,0,1,4,,,,,,,,,,,,,,
174,text,,0,1,4,,,,,,,,,,,,,,
174,control_change,,3,0,4,,,,,,,6,64,3,,,,,
174,control_change,,3,0,11,,,,,,,6,64,10,,,,,
174,text,,0,1,11,,,,,,,,,,,,,,
174,text,,0,1,13,,,,,,,,,,,,,,
174,text,,0,1,13,,,,,,,,,,,,,,
174,control_change,,0,0,4,,,,,,,98,32,3,,,,,
174,control_change,,3,0,12,,,,,,,6,62,11,,,,,
174,control_change,,0,0,2,,,,,,,98,32,1,,,,,
174,text,,0,1,2,,,,,,,,,,,,,,
174,control_change,,3,0,2,,,,,,,6,70,1,,,,,
174,text,,0,1,11,,,,,,,,,,,,,,
174,control_change,,0,0,11,,,,,,,98,32,10,,,,,
174,text,,0,1,6,,,,,,,,,,,,,,
174,text,,0,1,6,,,,,,,,,,,,,,
174,control_change,,0,0,12,,,,,,,98,32,11,,,,,
174,text,,0,1,12,,,,,,,,,,,,,,
174,text,,0,1,12,,,,,,,,,,,,,,
174,control_change,,3,0,13,,,,,,,6,62,12,,,,,
174,control_change,,0,0,8,,,,,,,98,32,7,,,,,
174,text,,0,1,8,,,,,,,,,,,,,,
174,text,,0,1,8,,,,,,,,,,,,,,
174,control_change,,0,0,6,,,,,,,98,32,5,,,,,
174,control_change,,3,0,8,,,,,,,6,66,7,,,,,
174,control_change,,0,0,3,,,,,,,98,32,2,,,,,
174,text,,0,1,3,,,,,,,,,,,,,,
174,text,,0,1,3,,,,,,,,,,,,,,
174,control_change,,3,0,3,,,,,,,6,80,2,,,,,
174,control_change,,3,0,6,,,,,,,6,64,5,,,,,
174,control_change,,0,0,13,,,,,,,98,32,12,,,,,
174,text,,0,1,2,,,,,,,,,,,,,,
175,text,,0,1,5,,,,,,,,,,,,,,
175,control_change,,0,0,5,,,,,,,98,32,4,,,,,
175,control_change,,0,0,1,,,,,,,98,32,0,,,,,
175,control_change,,3,0,5,,,,,,,6,64,4,,,,,
175,text,,0,1,1,,,,,,,,,,,,,,
175,text,,0,1,1,,,,,,,,,,,,,,
175,control_change,,3,0,1,,,,,,,6,70,0,,,,,
175,text,,0,1,5,,,,,,,,,,,,,,
175,text,,0,1,9,,,,,,,,,,,,,,
175,text,,0,1,9,,,,,,,,,,,,,,
175,control_change,,3,0,9,,,,,,,6,36,8,,,,,
175,control_change,,0,0,9,,,,,,,98,32,8,,,,,
176,text,,0,1,7,,,,,,,,,,,,,,
176,text,,0,1,7,,,,,,,,,,,,,,
176,control_change,,0,0,7,,,,,,,98,32,6,,,,,
176,control_change,,0,0,15,,,,,,,98,32,14,,,,,
176,control_change,,3,0,15,,,,,,,6,64,14,,,,,
176,text,,0,1,15,,,,,,,,,,,,,,
176,control_change,,3,0,7,,,,,,,6,64,6,,,,,
176,text,,0,1,15,,,,,,,,,,,,,,
177,control_change,,0,0,2,,,,,,,98,33,1,,,,,
177,control_change,,3,0,8,,,,,,,6,50,7,,,,,
177,text,,0,1,8,,,,,,,,,,,,,,
177,control_change,,0,0,8,,,,,,,98,33,7,,,,,
177,text,,0,1,2,,,,,,,,,,,,,,
177,control_change,,3,0,2,,,,,,,6,62,1,,,,,
177,text,,0,1,13,,,,,,,,,,,,,,
177,control_change,,0,0,4,,,,,,,98,33,3,,,,,
177,control_change,,3,0,3,,,,,,,6,56,2,,,,,
177,control_change,,0,0,13,,,,,,,98,33,12,,,,,
177,control_change,,0,0,11,,,,,,,98,33,10,,,,,
177,control_change,,0,0,3,,,,,,,98,33,2,,,,,
177,text,,0,1,3,,,,,,,,,,,,,,
177,text,,0,1,11,,,,,,,,,,,,,,
177,control_change,,3,0,11,,,,,,,6,62,10,,,,,
177,control_change,,3,0,13,,,,,,,6,57,12,,,,,
177,control_change,,3,0,4,,,,,,,6,64,3,,,,,
177,control_change,,3,0,12,,,,,,,6,57,11,,,,,
177,text,,0,1,12,,,,,,,,,,,,,,
177,control_change,,0,0,12,,,,,,,98,33,11,,,,,
177,control_change,,3,0,6,,,,,,,6,64,5,,,,,
177,text,,0,1,6,,,,,,,,,,,,,,
177,control_change,,0,0,6,,,,,,,98,33,5,,,,,
177,text,,0,1,4,,,,,,,,,,,,,,
178,control_change,,0,0,5,,,,,,,98,33,4,,,,,
178,text,,0,1,5,,,,,,,,,,,,,,
178,control_change,,3,0,5,,,,,,,6,62,4,,,,,
178,control_change,,3,0,1,,,,,,,6,54,0,,,,,
178,control_change,,0,0,1,,,,,,,98,33,0,,,,,
178,text,,0,1,1,,,,,,,,,,,,,,
178,control_change,,0,0,9,,,,,,,98,33,8,,,,,
178,text,,0,1,9,,,,,,,,,,,,,,
178,control_change,,3,0,9,,,,,,,6,54,8,,,,,
179,control_change,,3,0,7,,,,,,,6,64,6,,,,,
179,text,,0,1,7,,,,,,,,,,,,,,
179,control_change,,0,0,7,,,,,,,98,33,6,,,,,
179,control_change,,3,0,15,,,,,,,6,64,14,,,,,
179,text,,0,1,15,,,,,,,,,,,,,,
179,control_change,,0,0,15,,,,,,,98,33,14,,,,,
180,control_change,,3,0,11,,,,,,,6,62,10,,,,,
180,text,,0,1,11,,,,,,,,,,,,,,
180,text,,0,1,11,,,,,,,,,,,,,,
180,control_change,,3,0,8,,,,,,,6,80,7,,,,,
180,control_change,,3,0,3,,,,,,,6,70,2,,,,,
180,text,,0,1,12,,,,,,,,,,,,,,
180,text,,0,1,12,,,,,,,,,,,,,,
180,control_change,,3,0,12,,,,,,,6,58,11,,,,,
180,control_change,,3,0,4,,,,,,,6,64,3,,,,,
180,text,,0,1,4,,,,,,,,,,,,,,
180,text,,0,1,4,,,,,,,,,,,,,,
180,control_change,,0,0,11,,,,,,,98,99,10,,,,,
180,control_change,,0,0,4,,,,,,,98,99,3,,,,,
180,text,,0,1,8,,,,,,,,,,,,,,
180,text,,0,1,8,,,,,,,,,,,,,,
180,control_change,,3,0,6,,,,,,,6,64,5,,,,,
180,control_change,,0,0,3,,,,,,,98,99,2,,,,,
180,text,,0,1,3,,,,,,,,,,,,,,
180,text,,0,1,3,,,,,,,,,,,,,,
180,control_change,,0,0,8,,,,,,,98,99,7,,,,,
180,text,,0,1,6,,,,,,,,,,,,,,
180,control_change,,0,0,2,,,,,,,98,99,1,,,,,
180,control_change,,0,0,12,,,,,,,98,99,11,,,,,
180,control_change,,0,0,13,,,,,,,98,99,12,,,,,
180,text,,0,1,6,,,,,,,,,,,,,,
180,control_change,,3,0,2,,,,,,,6,76,1,,,,,
180,text,,0,1,13,,,,,,,,,,,,,,
180,control_change,,3,0,13,,,,,,,6,58,12,,,,,
180,text,,0,1,13,,,,,,,,,,,,,,
180,text,,0,1,2,,,,,,,,,,,,,,
180,text,,0,1,2,,,,,,,,,,,,,,
180,control_change,,0,0,6,,,,,,,98,99,5,,,,,
181,control_change,,0,0,9,,,,,,,98,99,8,,,,,
181,text,,0,1,9,,,,,,,,,,,,,,
181,control_change,,3,0,1,,,,,,,6,30,0,,,,,
181,text,,0,1,9,,,,,,,,,,,,,,
181,control_change,,3,0,9,,,,,,,6,64,8,,,,,
181,text,,0,1,1,,,,,,,,,,,,,,
181,text,,0,1,1,,,,,,,,,,,,,,
181,control_change,,0,0,1,,,,,,,98,99,0,,,,,
181,control_change,,0,0,5,,,,,,,98,99,4,,,,,
181,text,,0,1,5,,,,,,,,,,,,,,
181,text,,0,1,5,,,,,,,,,,,,,,
181,control_change,,3,0,5,,,,,,,6,58,4,,,,,
182,text,,0,1,15,,,,,,,,,,,,,,
182,control_change,,3,0,7,,,,,,,6,64,6,,,,,
182,text,,0,1,15,,,,,,,,,,,,,,
182,text,,0,1,7,,,,,,,,,,,,,,
182,control_change,,0,0,15,,,,,,,98,99,14,,,,,
182,control_change,,3,0,15,,,,,,,6,64,14,,,,,
182,control_change,,0,0,7,,,,,,,98,99,6,,,,,
182,text,,0,1,7,,,,,,,,,,,,,,
183,control_change,,0,0,2,,,,,,,98,100,1,,,,,
183,text,,0,1,13,,,,,,,,,,,,,,
183,text,,0,1,12,,,,,,,,,,,,,,
183,control_change,,0,0,11,,,,,,,98,100,10,,,,,
183,text,,0,1,11,,,,,,,,,,,,,,
183,control_change,,3,0,11,,,,,,,6,62,10,,,,,
183,control_change,,0,0,12,,,,,,,98,100,11,,,,,
183,control_change,,3,0,3,,,,,,,6,68,2,,,,,
183,control_change,,3,0,2,,,,,,,6,67,1,,,,,
183,control_change,,0,0,4,,,,,,,98,100,3,,,,,
183,text,,0,1,6,,,,,,,,,,,,,,
183,control_change,,0,0,13,,,,,,,98,100,12,,,,,
183,text,,0,1,3,,,,,,,,,,,,,,
183,control_change,,0,0,3,,,,,,,98,100,2,,,,,
183,control_change,,3,0,4,,,,,,,6,70,3,,,,,
183,control_change,,3,0,13,,,,,,,6,46,12,,,,,
183,control_change,,3,0,8,,,,,,,6,62,7,,,,,
183,text,,0,1,8,,,,,,,,,,,,,,
183,control_change,,0,0,8,,,,,,,98,100,7,,,,,
183,control_change,,3,0,6,,,,,,,6,68,5,,,,,
183,control_change,,3,0,12,,,,,,,6,46,11,,,,,
183,control_change,,0,0,6,,,,,,,98,100,5,,,,,
183,text,,0,1,4,,,,,,,,,,,,,,
183,text,,0,1,2,,,,,,,,,,,,,,
184,text,,0,1,1,,,,,,,,,,,,,,
184,control_change,,0,0,1,,,,,,,98,100,0,,,,,
184,text,,0,1,5,,,,,,,,,,,,,,
184,control_change,,3,0,5,,,,,,,6,68,4,,,,,
184,text,,0,1,9,,,,,,,,,,,,,,
184,control_change,,3,0,9,,,,,,,6,58,8,,,,,
184,control_change,,0,0,9,,,,,,,98,100,8,,,,,
184,control_change,,3,0,1,,,,,,,6,68,0,,,,,
184,control_change,,0,0,5,,,,,,,98,100,4,,,,,
185,control_change,,3,0,15,,,,,,,6,64,14,,,,,
185,text,,0,1,15,,,,,,,,,,,,,,
185,control_change,,0,0,15,,,,,,,98,100,14,,,,,
185,control_change,,3,0,7,,,,,,,6,64,6,,,,,
185,text,,0,1,7,,,,,,,,,,,,,,
185,control_change,,0,0,7,,,,,,,98,100,6,,,,,
186,text,,0,1,12,,,,,,,,,,,,,,
186,control_change,,0,0,12,,,,,,,98,102,11,,,,,
186,text,,0,1,2,,,,,,,,,,,,,,
186,control_change,,3,0,2,,,,,,,6,74,1,,,,,
186,control_change,,3,0,12,,,,,,,6,100,11,,,,,
186,text,,0,1,4,,,,,,,,,,,,,,
186,control_change,,0,0,13,,,,,,,98,102,12,,,,,
186,control_change,,0,0,3,,,,,,,98,102,2,,,,,
186,text,,0,1,3,,,,,,,,,,,,,,
186,control_change,,3,0,3,,,,,,,6,64,2,,,,,
186,control_change,,0,0,2,,,,,,,98,102,1,,,,,
186,text,,0,1,13,,,,,,,,,,,,,,
186,control_change,,3,0,4,,,,,,,6,104,3,,,,,
186,control_change,,0,0,4,,,,,,,98,102,3,,,,,
186,control_change,,3,0,8,,,,,,,6,100,7,,,,,
186,control_change,,3,0,13,,,,,,,6,100,12,,,,,
186,control_change,,3,0,6,,,,,,,6,64,5,,,,,
186,text,,0,1,6,,,,,,,,,,,,,,
186,control_change,,0,0,6,,,,,,,98,102,5,,,,,
186,control_change,,0,0,8,,,,,,,98,102,7,,,,,
186,text,,0,1,8,,,,,,,,,,,,,,
186,control_change,,3,0,11,,,,,,,6,82,10,,,,,
186,text,,0,1,11,,,,,,,,,,,,,,
186,control_change,,0,0,11,,,,,,,98,102,10,,,,,
187,control_change,,3,0,9,,,,,,,6,100,8,,,,,
187,control_change,,0,0,1,,,,,,,98,102,0,,,,,
187,control_change,,3,0,5,,,,,,,6,64,4,,,,,
187,text,,0,1,1,,,,,,,,,,,,,,
187,control_change,,3,0,1,,,,,,,6,100,0,,,,,
187,control_change,,0,0,9,,,,,,,98,102,8,,,,,
187,text,,0,1,5,,,,,,,,,,,,,,
187,control_change,,0,0,5,,,,,,,98,102,4,,,,,
187,text,,0,1,9,,,,,,,,,,,,,,
188,control_change,,0,0,15,,,,,,,98,102,14,,,,,
188,text,,0,1,7,,,,,,,,,,,,,,
188,control_change,,0,0,7,,,,,,,98,102,6,,,,,
188,text,,0,1,15,,,,,,,,,,,,,,
188,control_change,,3,0,15,,,,,,,6,64,14,,,,,
188,control_change,,3,0,7,,,,,,,6,64,6,,,,,
189,control_change,,3,0,12,,,,,,,6,64,11,,,,,
189,control_change,,3,0,6,,,,,,,6,68,5,,,,,
189,pitchwheel,,0,0,3,,,,,,,,,2,,,,-384,
189,control_change,,3,0,3,,,,,,,6,64,2,,,,,
189,control_change,,3,0,4,,,,,,,6,70,3,,,,,
189,control_change,,3,0,2,,,,,,,6,64,1,,,,,
189,control_change,,3,0,8,,,,,,,6,60,7,,,,,
189,control_change,,3,0,13,,,,,,,6,64,12,,,,,
189,control_change,,3,0,11,,,,,,,6,62,10,,,,,
189,pitchwheel,,0,0,11,,,,,,,,,10,,,,384,
190,control_change,,3,0,1,,,,,,,6,68,0,,,,,
190,control_change,,3,0,5,,,,,,,6,65,4,,,,,
190,pitchwheel,,0,0,9,,,,,,,,,8,,,,-128,
190,control_change,,3,0,9,,,,,,,6,60,8,,,,,
191,control_change,,3,0,15,,,,,,,6,65,14,,,,,
191,control_change,,3,0,7,,,,,,,6,65,6,,,,,
192,time_signature,,192,1,0,4,4,24,8,,,,,,,,,,
336,note_on,,0,0,8,,,,,,,,,7,,71,124,,
336,note_on,,147,0,8,,,,,,,,,7,,83,124,,
336,note_on,,147,0,6,,,,,,,,,5,,71,114,,
336,note_on,,0,0,6,,,,,,,,,5,,59,114,,
336,note_on,,147,0,4,,,,,,,,,3,,59,114,,
336,time_signature,,144,1,0,3,4,24,8,,,,,,,,,,
336,end_of_track,,264,1,10,,,,,,,,,,,,,,
336,note_on,,147,0,3,,,,,,,,,2,,71,104,,
336,note_on,,147,0,13,,,,,,,,,12,,47,124,,
336,note_on,,182,0,14,,,,,,,,,13,,47,124,,
336,note_on,,0,0,2,,,,,,,,,1,,71,104,,
336,note_on,,147,0,2,,,,,,,,,1,,83,104,,
336,note_on,,147,0,11,,,,,,,,,10,,71,124,,
336,note_on,,147,0,12,,,,,,,,,11,,59,124,,
337,note_on,,147,0,5,,,,,,,,,4,,59,124,,
337,note_on,,147,0,9,,,,,,,,,8,,71,124,,
337,note_on,,147,0,1,,,,,,,,,0,,83,114,,
338,end_of_track,,147,1,15,,,,,,,,,,,,,,
338,note_on,,147,0,7,,,,,,,,,6,,53,114,,
432,note_on,,96,0,14,,,,,,,,,13,,47,0,,
480,note_on,,144,0,11,,,,,,,,,10,,71,0,,
480,note_on,,0,0,12,,,,,,,,,11,,55,114,,
480,note_on,,144,0,12,,,,,,,,,11,,59,0,,
480,note_on,,0,0,13,,,,,,,,,12,,43,114,,
480,note_on,,144,0,13,,,,,,,,,12,,47,0,,
480,note_on,,144,0,3,,,,,,,,,2,,71,0,,
480,note_on,,144,0,2,,,,,,,,,1,,71,0,,
480,note_on,,0,0,2,,,,,,,,,1,,83,0,,
480,note_on,,0,0,2,,,,,,,,,1,,79,94,,
480,note_on,,0,0,8,,,,,,,,,7,,79,114,,
480,note_on,,0,0,8,,,,,,,,,7,,83,0,,
480,note_on,,144,0,8,,,,,,,,,7,,71,0,,
480,note_on,,0,0,4,,,,,,,,,3,,55,104,,
480,note_on,,144,0,4,,,,,,,,,3,,59,0,,
480,note_on,,0,0,6,,,,,,,,,5,,71,0,,
480,note_on,,144,0,6,,,,,,,,,5,,59,0,,
480,note_on,,0,0,3,,,,,,,,,2,,67,94,,
480,note_on,,0,0,11,,,,,,,,,10,,67,114,,
481,note_on,,144,0,1,,,,,,,,,0,,83,0,,
481,note_on,,0,0,1,,,,,,,,,0,,79,104,,
481,note_on,,144,0,5,,,,,,,,,4,,59,0,,
481,note_on,,0,0,5,,,,,,,,,4,,67,114,,
481,note_on,,144,0,9,,,,,,,,,8,,71,0,,
481,note_on,,0,0,9,,,,,,,,,8,,67,114,,
482,note_on,,0,0,7,,,,,,,,,6,,67,114,,
482,note_on,,144,0,7,,,,,,,,,6,,53,0,,
482,note_on,,0,0,7,,,,,,,,,6,,55,114,,
624,note_on,,0,0,11,,,,,,,,,10,,64,104,,
624,note_on,,144,0,11,,,,,,,,,10,,67,0,,
624,note_on,,144,0,2,,,,,,,,,1,,79,0,,
624,note_on,,144,0,12,,,,,,,,,11,,55,0,,
624,note_on,,0,0,12,,,,,,,,,11,,52,104,,
624,note_on,,0,0,2,,,,,,,,,1,,76,84,,
624,note_on,,144,0,13,,,,,,,,,12,,43,0,,
624,note_on,,0,0,13,,,,,,,,,12,,40,104,,
624,note_on,,0,0,8,,,,,,,,,7,,76,104,,
624,note_on,,0,0,4,,,,,,,,,3,,52,94,,
624,note_on,,144,0,4,,,,,,,,,3,,55,0,,
624,note_on,,144,0,8,,,,,,,,,7,,79,0,,
624,note_on,,0,0,3,,,,,,,,,2,,64,84,,
624,note_on,,144,0,3,,,,,,,,,2,,67,0,,
625,note_on,,144,0,1,,,,,,,,,0,,79,0,,
625,note_on,,0,0,1,,,,,,,,,0,,76,94,,
625,note_on,,144,0,9,,,,,,,,,8,,67,0,,
625,note_on,,144,0,5,,,,,,,,,4,,67,0,,
625,note_on,,0,0,5,,,,,,,,,4,,64,104,,
625,note_on,,0,0,9,,,,,,,,,8,,64,104,,
626,note_on,,0,0,7,,,,,,,,,6,,67,0,,
626,note_on,,0,0,7,,,,,,,,,6,,52,114,,
626,note_on,,144,0,7,,,,,,,,,6,,55,0,,
672,note_on,,48,0,8,,,,,,,,,7,,79,98,,
672,note_on,,48,0,13,,,,,,,,,12,,43,98,,
672,note_on,,48,0,2,,,,,,,,,1,,79,78,,
672,note_on,,48,0,3,,,,,,,,,2,,67,78,,
672,note_on,,48,0,4,,,,,,,,,3,,55,88,,
672,note_on,,48,0,11,,,,,,,,,10,,67,98,,
672,note_on,,48,0,12,,,,,,,,,11,,55,98,,
673,note_on,,48,0,5,,,,,,,,,4,,67,94,,
673,note_on,,48,0,9,,,,,,,,,8,,67,98,,
673,note_on,,48,0,1,,,,,,,,,0,,79,88,,
674,note_on,,48,0,7,,,,,,,,,6,,67,114,,
674,note_on,,0,0,7,,,,,,,,,6,,55,114,,
676,note_on,,4,0,2,,,,,,,,,1,,76,0,,
676,note_on,,4,0,12,,,,,,,,,11,,52,0,,
676,note_on,,4,0,4,,,,,,,,,3,,52,0,,
676,note_on,,4,0,8,,,,,,,,,7,,76,0,,
676,note_on,,4,0,13,,,,,,,,,12,,40,0,,
676,note_on,,4,0,3,,,,,,,,,2,,64,0,,
676,note_on,,4,0,11,,,,,,,,,10,,64,0,,
677,note_on,,4,0,1,,,,,,,,,0,,76,0,,
677,note_on,,4,0,9,,,,,,,,,8,,64,0,,
677,note_on,,4,0,5,,,,,,,,,4,,64,0,,
678,note_on,,4,0,7,,,,,,,,,6,,52,0,,
720,note_on,,0,0,4,,,,,,,,,3,,54,114,,
720,note_on,,0,0,11,,,,,,,,,10,,66,124,,
720,note_on,,240,0,6,,,,,,,,,5,,78,124,,
720,note_on,,44,0,11,,,,,,,,,10,,67,0,,
720,note_on,,44,0,13,,,,,,,,,12,,43,0,,
720,note_on,,44,0,4,,,,,,,,,3,,55,0,,
720,note_on,,0,0,13,,,,,,,,,12,,42,124,,
720,note_on,,288,0,14,,,,,,,,,13,,54,124,,
720,note_on,,44,0,12,,,,,,,,,11,,55,0,,
720,note_on,,0,0,3,,,,,,,,,2,,66,104,,
720,note_on,,44,0,3,,,,,,,,,2,,67,0,,
720,note_on,,0,0,8,,,,,,,,,7,,78,124,,
720,note_on,,44,0,8,,,,,,,,,7,,79,0,,
720,note_on,,0,0,2,,,,,,,,,1,,78,104,,
720,note_on,,44,0,2,,,,,,,,,1,,79,0,,
720,note_on,,0,0,12,,,,,,,,,11,,54,124,,
721,note_on,,0,0,5,,,,,,,,,4,,66,114,,
721,note_on,,44,0,5,,,,,,,,,4,,67,0,,
721,note_on,,44,0,9,,,,,,,,,8,,67,0,,
721,note_on,,0,0,9,,,,,,,,,8,,66,124,,
721,note_on,,0,0,1,,,,,,,,,0,,78,114,,
721,note_on,,44,0,1,,,,,,,,,0,,79,0,,
722,note_on,,0,0,7,,,,,,,,,6,,66,124,,
722,note_on,,44,0,7,,,,,,,,,6,,55,0,,
722,note_on,,0,0,7,,,,,,,,,6,,54,114,,
722,note_on,,0,0,7,,,,,,,,,6,,67,0,,
748,note_on,,28,0,11,,,,,,,,,10,,66,0,,
748,note_on,,28,0,13,,,,,,,,,12,,42,0,,
748,note_on,,28,0,12,,,,,,,,,11,,54,0,,
748,note_on,,28,0,3,,,,,,,,,2,,66,0,,
748,note_on,,28,0,6,,,,,,,,,5,,78,0,,
748,note_on,,28,0,8,,,,,,,,,7,,78,0,,
748,note_on,,28,0,2,,,,,,,,,1,,78,0,,
748,note_on,,28,0,4,,,,,,,,,3,,54,0,,
749,note_on,,28,0,1,,,,,,,,,0,,78,0,,
749,note_on,,28,0,5,,,,,,,,,4,,66,0,,
749,note_on,,28,0,9,,,,,,,,,8,,66,0,,
750,note_on,,0,0,7,,,,,,,,,6,,66,0,,
750,note_on,,28,0,7,,,,,,,,,6,,54,0,,
768,note_on,,20,0,13,,,,,,,,,12,,42,114,,
768,note_on,,20,0,12,,,,,,,,,11,,54,114,,
768,note_on,,20,0,2,,,,,,,,,1,,78,94,,
768,note_on,,20,0,11,,,,,,,,,10,,66,114,,
768,note_on,,20,0,6,,,,,,,,,5,,78,114,,
768,note_on,,48,0,14,,,,,,,,,13,,54,0,,
768,note_on,,20,0,8,,,,,,,,,7,,78,114,,
768,note_on,,0,0,14,,,,,,,,,13,,54,124,,
768,note_on,,20,0,3,,,,,,,,,2,,66,94,,
768,note_on,,20,0,4,,,,,,,,,3,,54,104,,
769,note_on,,20,0,9,,,,,,,,,8,,66,114,,
769,note_on,,20,0,1,,,,,,,,,0,,78,104,,
769,note_on,,20,0,5,,,,,,,,,4,,66,114,,
770,note_on,,0,0,7,,,,,,,,,6,,54,114,,
770,note_on,,20,0,7,,,,,,,,,6,,66,114,,
840,note_on,,72,0,3,,,,,,,,,2,,66,0,,
840,note_on,,0,0,3,,,,,,,,,2,,62,94,,
840,note_on,,72,0,12,,,,,,,,,11,,54,0,,
840,note_on,,0,0,12,,,,,,,,,11,,50,114,,
840,note_on,,0,0,8,,,,,,,,,7,,74,114,,
840,note_on,,0,0,2,,,,,,,,,1,,74,94,,
840,note_on,,0,0,13,,,,,,,,,12,,38,114,,
840,note_on,,72,0,13,,,,,,,,,12,,42,0,,
840,note_on,,72,0,8,,,,,,,,,7,,78,0,,
840,note_on,,72,0,11,,,,,,,,,10,,66,0,,
840,note_on,,0,0,11,,,,,,,,,10,,62,114,,
840,note_on,,72,0,2,,,,,,,,,1,,78,0,,
840,note_on,,72,0,4,,,,,,,,,3,,54,0,,
840,note_on,,0,0,4,,,,,,,,,3,,50,104,,
841,note_on,,0,0,9,,,,,,,,,8,,62,114,,
841,note_on,,0,0,1,,,,,,,,,0,,74,104,,
841,note_on,,72,0,9,,,,,,,,,8,,66,0,,
841,note_on,,72,0,1,,,,,,,,,0,,78,0,,
852,note_on,,12,0,11,,,,,,,,,10,,62,0,,
852,note_on,,12,0,8,,,,,,,,,7,,74,0,,
852,note_on,,12,0,2,,,,,,,,,1,,74,0,,
852,note_on,,12,0,12,,,,,,,,,11,,50,0,,
852,note_on,,12,0,13,,,,,,,,,12,,38,0,,
852,note_on,,12,0,4,,,,,,,,,3,,50,0,,
852,note_on,,12,0,3,,,,,,,,,2,,62,0,,
853,note_on,,12,0,1,,,,,,,,,0,,74,0,,
853,note_on,,12,0,9,,,,,,,,,8,,62,0,,
864,note_on,,96,0,14,,,,,,,,,13,,54,0,,
864,note_on,,12,0,13,,,,,,,,,12,,40,114,,
864,note_on,,12,0,11,,,,,,,,,10,,64,114,,
864,note_on,,12,0,8,,,,,,,,,7,,76,114,,
864,note_on,,12,0,12,,,,,,,,,11,,52,114,,
864,note_on,,12,0,3,,,,,,,,,2,,64,94,,
864,note_on,,12,0,2,,,,,,,,,1,,76,94,,
864,note_on,,96,0,6,,,,,,,,,5,,78,0,,
864,note_on,,12,0,4,,,,,,,,,3,,52,104,,
865,note_on,,12,0,9,,,,,,,,,8,,64,114,,
865,note_on,,96,0,5,,,,,,,,,4,,66,0,,
865,note_on,,12,0,1,,,,,,,,,0,,76,104,,
866,note_on,,96,0,7,,,,,,,,,6,,54,0,,
866,note_on,,0,0,7,,,,,,,,,6,,66,0,,
876,note_on,,12,0,12,,,,,,,,,11,,52,0,,
876,note_on,,12,0,2,,,,,,,,,1,,76,0,,
876,note_on,,12,0,13,,,,,,,,,12,,40,0,,
876,note_on,,12,0,4,,,,,,,,,3,,52,0,,
876,note_on,,12,0,11,,,,,,,,,10,,64,0,,
876,note_on,,12,0,3,,,,,,,,,2,,64,0,,
876,note_on,,12,0,8,,,,,,,,,7,,76,0,,
877,note_on,,12,0,9,,,,,,,,,8,,64,0,,
877,note_on,,12,0,1,,,,,,,,,0,,76,0,,
888,note_on,,12,0,11,,,,,,,,,10,,66,114,,
888,note_on,,12,0,3,,,,,,,,,2,,66,94,,
888,note_on,,12,0,12,,,,,,,,,11,,54,114,,
888,note_on,,12,0,4,,,,,,,,,3,,54,104,,
888,note_on,,12,0,2,,,,,,,,,1,,78,94,,
888,note_on,,12,0,13,,,,,,,,,12,,42,114,,
888,note_on,,12,0,8,,,,,,,,,7,,78,114,,
889,note_on,,12,0,1,,,,,,,,,0,,78,114,,
889,note_on,,12,0,9,,,,,,,,,8,,66,114,,
900,note_on,,12,0,8,,,,,,,,,7,,78,0,,
900,note_on,,12,0,11,,,,,,,,,10,,66,0,,
900,note_on,,12,0,13,,,,,,,,,12,,42,0,,
900,note_on,,12,0,2,,,,,,,,,1,,78,0,,
900,note_on,,12,0,12,,,,,,,,,11,,54,0,,
900,note_on,,12,0,4,,,,,,,,,3,,54,0,,
900,note_on,,12,0,3,,,,,,,,,2,,66,0,,
901,note_on,,12,0,9,,,,,,,,,8,,66,0,,
901,note_on,,12,0,1,,,,,,,,,0,,78,0,,
912,note_on,,12,0,11,,,,,,,,,10,,67,120,,
912,note_on,,12,0,3,,,,,,,,,2,,67,100,,
912,note_on,,12,0,8,,,,,,,,,7,,79,120,,
912,note_on,,12,0,12,,,,,,,,,11,,55,120,,
912,note_on,,12,0,13,,,,,,,,,12,,43,120,,
912,note_on,,12,0,2,,,,,,,,,1,,79,100,,
912,note_on,,12,0,4,,,,,,,,,3,,55,110,,
913,note_on,,12,0,1,,,,,,,,,0,,79,110,,
913,note_on,,12,0,9,,,,,,,,,8,,67,120,,
913,note_on,,48,0,5,,,,,,,,,4,,67,114,,
914,note_on,,0,0,7,,,,,,,,,6,,55,114,,
914,note_on,,48,0,7,,,,,,,,,6,,67,114,,
1056,note_on,,0,0,12,,,,,,,,,11,,52,114,,
1056,note_on,,0,0,4,,,,,,,,,3,,52,104,,
1056,note_on,,144,0,12,,,,,,,,,11,,55,0,,
1056,note_on,,0,0,2,,,,,,,,,1,,76,94,,
1056,note_on,,144,0,4,,,,,,,,,3,,55,0,,
1056,note_on,,0,0,8,,,,,,,,,7,,76,114,,
1056,note_on,,144,0,8,,,,,,,,,7,,79,0,,
1056,note_on,,144,0,13,,,,,,,,,12,,43,0,,
1056,note_on,,0,0,13,,,,,,,,,12,,40,114,,
1056,note_on,,144,0,11,,,,,,,,,10,,67,0,,
1056,note_on,,144,0,2,,,,,,,,,1,,79,0,,
1056,note_on,,0,0,11,,,,,,,,,10,,64,114,,
1056,note_on,,0,0,6,,,,,,,,,5,,64,114,,
1056,note_on,,0,0,3,,,,,,,,,2,,64,94,,
1056,note_on,,192,0,6,,,,,,,,,5,,76,114,,
1056,note_on,,144,0,3,,,,,,,,,2,,67,0,,
1057,note_on,,144,0,9,,,,,,,,,8,,67,0,,
1057,note_on,,0,0,1,,,,,,,,,0,,76,104,,
1057,note_on,,144,0,1,,,,,,,,,0,,79,0,,
1057,note_on,,0,0,9,,,,,,,,,8,,64,114,,
1057,note_on,,0,0,5,,,,,,,,,4,,64,114,,
1057,note_on,,144,0,5,,,,,,,,,4,,67,0,,
1058,note_on,,0,0,7,,,,,,,,,6,,64,114,,
1058,note_on,,0,0,7,,,,,,,,,6,,52,114,,
1058,note_on,,0,0,7,,,,,,,,,6,,67,0,,
1058,note_on,,144,0,7,,,,,,,,,6,,55,0,,
1200,note_on,,0,0,3,,,,,,,,,2,,61,84,,
1200,note_on,,0,0,8,,,,,,,,,7,,73,104,,
1200,note_on,,144,0,8,,,,,,,,,7,,76,0,,
1200,note_on,,0,0,4,,,,,,,,,3,,49,94,,
1200,note_on,,144,0,13,,,,,,,,,12,,40,0,,
1200,note_on,,144,0,11,,,,,,,,,10,,64,0,,
1200,note_on,,0,0,11,,,,,,,,,10,,61,104,,
1200,note_on,,0,0,13,,,,,,,,,12,,37,104,,
1200,note_on,,144,0,6,,,,,,,,,5,,64,0,,
1200,note_on,,0,0,6,,,,,,,,,5,,76,0,,
1200,note_on,,144,0,3,,,,,,,,,2,,64,0,,
1200,note_on,,144,0,4,,,,,,,,,3,,52,0,,
1200,note_on,,144,0,2,,,,,,,,,1,,76,0,,
1200,note_on,,0,0,12,,,,,,,,,11,,49,104,,
1200,note_on,,144,0,12,,,,,,,,,11,,52,0,,
1200,note_on,,0,0,2,,,,,,,,,1,,73,84,,
1201,note_on,,144,0,9,,,,,,,,,8,,64,0,,
1201,note_on,,144,0,1,,,,,,,,,0,,76,0,,
1201,note_on,,0,0,1,,,,,,,,,0,,73,94,,
1201,note_on,,144,0,5,,,,,,,,,4,,64,0,,
1201,note_on,,0,0,9,,,,,,,,,8,,61,104,,
1202,note_on,,144,0,7,,,,,,,,,6,,52,0,,
1202,note_on,,0,0,7,,,,,,,,,6,,64,0,,
1202,note_on,,0,0,7,,,,,,,,,6,,49,114,,
1202,note_on,,0,0,7,,,,,,,,,6,,61,114,,
1248,note_on,,48,0,2,,,,,,,,,1,,74,78,,
1248,note_on,,48,0,13,,,,,,,,,12,,38,98,,
1248,note_on,,48,0,12,,,,,,,,,11,,50,98,,
1248,note_on,,48,0,3,,,,,,,,,2,,62,78,,
1248,note_on,,48,0,4,,,,,,,,,3,,50,88,,
1248,note_on,,48,0,11,,,,,,,,,10,,62,98,,
1248,note_on,,48,0,8,,,,,,,,,7,,74,98,,
1249,note_on,,48,0,5,,,,,,,,,4,,62,104,,
1249,note_on,,48,0,1,,,,,,,,,0,,74,88,,
1249,note_on,,48,0,9,,,,,,,,,8,,62,98,,
1250,note_on,,0,0,7,,,,,,,,,6,,50,114,,
1250,note_on,,48,0,7,,,,,,,,,6,,62,114,,
1252,note_on,,4,0,3,,,,,,,,,2,,61,0,,
1252,note_on,,4,0,2,,,,,,,,,1,,73,0,,
1252,note_on,,4,0,13,,,,,,,,,12,,37,0,,
1252,note_on,,4,0,11,,,,,,,,,10,,61,0,,
1252,note_on,,4,0,8,,,,,,,,,7,,73,0,,
1252,note_on,,4,0,4,,,,,,,,,3,,49,0,,
1252,note_on,,4,0,12,,,,,,,,,11,,49,0,,
1253,note_on,,4,0,1,,,,,,,,,0,,73,0,,
1253,note_on,,4,0,9,,,,,,,,,8,,61,0,,
1254,note_on,,4,0,7,,,,,,,,,6,,49,0,,
1254,note_on,,0,0,7,,,,,,,,,6,,61,0,,
1296,note_on,,0,0,6,,,,,,,,,5,,59,114,,
1296,note_on,,44,0,3,,,,,,,,,2,,62,0,,
1296,note_on,,432,0,14,,,,,,,,,13,,47,124,,
1296,note_on,,0,0,12,,,,,,,,,11,,47,124,,
1296,note_on,,0,0,2,,,,,,,,,1,,71,104,,
1296,note_on,,0,0,13,,,,,,,,,12,,35,124,,
1296,note_on,,0,0,11,,,,,,,,,10,,59,124,,
1296,note_on,,0,0,3,,,,,,,,,2,,59,104,,
1296,note_on,,44,0,11,,,,,,,,,10,,62,0,,
1296,note_on,,44,0,2,,,,,,,,,1,,74,0,,
1296,note_on,,44,0,13,,,,,,,,,12,,38,0,,
1296,note_on,,44,0,4,,,,,,,,,3,,50,0,,
1296,note_on,,44,0,8,,,,,,,,,7,,74,0,,
1296,note_on,,0,0,8,,,,,,,,,7,,71,124,,
1296,note_on,,0,0,4,,,,,,,,,3,,47,114,,
1296,note_on,,96,0,6,,,,,,,,,5,,71,124,,
1296,note_on,,44,0,12,,,,,,,,,11,,50,0,,
1297,note_on,,0,0,5,,,,,,,,,4,,59,124,,
1297,note_on,,48,0,5,,,,,,,,,4,,62,0,,
1297,note_on,,44,0,9,,,,,,,,,8,,62,0,,
1297,note_on,,44,0,1,,,,,,,,,0,,74,0,,
1297,note_on,,0,0,9,,,,,,,,,8,,59,124,,
1297,note_on,,0,0,1,,,,,,,,,0,,71,114,,
1298,note_on,,0,0,7,,,,,,,,,6,,59,124,,
1298,note_on,,0,0,7,,,,,,,,,6,,62,0,,
1298,note_on,,44,0,7,,,,,,,,,6,,50,0,,
1298,note_on,,0,0,7,,,,,,,,,6,,47,114,,
1324,note_on,,28,0,3,,,,,,,,,2,,59,0,,
1324,note_on,,28,0,11,,,,,,,,,10,,59,0,,
1324,note_on,,28,0,4,,,,,,,,,3,,47,0,,
1324,note_on,,28,0,2,,,,,,,,,1,,71,0,,
1324,note_on,,28,0,6,,,,,,,,,5,,59,0,,
1324,note_on,,28,0,13,,,,,,,,,12,,35,0,,
1324,note_on,,28,0,12,,,,,,,,,11,,47,0,,
1324,note_on,,28,0,8,,,,,,,,,7,,71,0,,
1324,note_on,,0,0,6,,,,,,,,,5,,71,0,,
1325,note_on,,28,0,5,,,,,,,,,4,,59,0,,
1325,note_on,,28,0,1,,,,,,,,,0,,71,0,,
1325,note_on,,28,0,9,,,,,,,,,8,,59,0,,
1326,note_on,,0,0,7,,,,,,,,,6,,59,0,,
1326,note_on,,28,0,7,,,,,,,,,6,,47,0,,
1344,note_on,,20,0,3,,,,,,,,,2,,59,84,,
1344,note_on,,20,0,13,,,,,,,,,12,,35,104,,
1344,note_on,,20,0,4,,,,,,,,,3,,47,94,,
1344,note_on,,20,0,8,,,,,,,,,7,,71,104,,
1344,note_on,,20,0,12,,,,,,,,,11,,47,104,,
1344,note_on,,20,0,11,,,,,,,,,10,,59,104,,
1344,note_on,,20,0,6,,,,,,,,,5,,71,114,,
1344,note_on,,0,0,14,,,,,,,,,13,,47,124,,
1344,note_on,,0,0,6,,,,,,,,,5,,59,114,,
1344,note_on,,48,0,14,,,,,,,,,13,,47,0,,
1344,note_on,,20,0,2,,,,,,,,,1,,71,84,,
1345,note_on,,20,0,5,,,,,,,,,4,,59,114,,
1345,note_on,,20,0,1,,,,,,,,,0,,71,94,,
1345,note_on,,20,0,9,,,,,,,,,8,,59,104,,
1346,note_on,,0,0,7,,,,,,,,,6,,47,114,,
1346,note_on,,20,0,7,,,,,,,,,6,,59,114,,
1416,note_on,,0,0,2,,,,,,,,,1,,66,94,,
1416,note_on,,72,0,2,,,,,,,,,1,,71,0,,
1440,note_on,,96,0,6,,,,,,,,,5,,59,0,,
1440,note_on,,0,0,6,,,,,,,,,5,,71,0,,
1440,note_on,,24,0,2,,,,,,,,,1,,66,0,,
1440,note_on,,96,0,14,,,,,,,,,13,,47,0,,
1440,note_on,,96,0,4,,,,,,,,,3,,47,0,,
1440,note_on,,96,0,11,,,,,,,,,10,,59,0,,
1440,note_on,,0,0,2,,,,,,,,,1,,68,100,,
1440,note_on,,96,0,8,,,,,,,,,7,,71,0,,
1440,note_on,,96,0,3,,,,,,,,,2,,59,0,,
1441,note_on,,96,0,1,,,,,,,,,0,,71,0,,
1441,note_on,,96,0,5,,,,,,,,,4,,59,0,,
1441,note_on,,96,0,9,,,,,,,,,8,,59,0,,
1442,note_on,,0,0,7,,,,,,,,,6,,59,0,,
1442,note_on,,96,0,7,,,,,,,,,6,,47,0,,
1464,note_on,,0,0,2,,,,,,,,,1,,70,104,,
1464,note_on,,24,0,2,,,,,,,,,1,,68,0,,
1488,note_on,,144,0,12,,,,,,,,,11,,47,0,,
1488,note_on,,48,0,8,,,,,,,,,7,,51,34,,
1488,note_on,,24,0,2,,,,,,,,,1,,70,0,,
1488,control_change,,0,0,2,,,,,,,11,96,1,,,,,
1488,note_on,,0,0,2,,,,,,,,,1,,71,104,,
1488,note_on,,144,0,13,,,,,,,,,12,,35,0,,
1488,end_of_track,,48,1,6,,,,,,,,,,,,,,
1488,note_on,,48,0,11,,,,,,,,,10,,59,34,,
1489,note_on,,48,0,9,,,,,,,,,8,,47,34,,
1491,control_change,,3,0,2,,,,,,,11,95,1,,,,,
1494,control_change,,3,0,2,,,,,,,11,94,1,,,,,
1496,control_change,,2,0,2,,,,,,,11,93,1,,,,,
1499,control_change,,3,0,2,,,,,,,11,92,1,,,,,
1501,control_change,,2,0,2,,,,,,,11,91,1,,,,,
1504,control_change,,3,0,2,,,,,,,11,90,1,,,,,
1506,control_change,,2,0,2,,,,,,,11,89,1,,,,,
1509,control_change,,3,0,2,,,,,,,11,88,1,,,,,
1511,control_change,,2,0,2,,,,,,,11,87,1,,,,,
1514,control_change,,3,0,2,,,,,,,11,86,1,,,,,
1517,control_change,,3,0,2,,,,,,,11,85,1,,,,,
1519,control_change,,2,0,2,,,,,,,11,84,1,,,,,
1522,control_change,,3,0,2,,,,,,,11,83,1,,,,,
1524,control_change,,2,0,2,,,,,,,11,82,1,,,,,
1527,control_change,,3,0,2,,,,,,,11,81,1,,,,,
1529,control_change,,2,0,2,,,,,,,11,80,1,,,,,
1532,control_change,,3,0,2,,,,,,,11,79,1,,,,,
1534,control_change,,2,0,2,,,,,,,11,78,1,,,,,
1536,note_on,,48,0,12,,,,,,,,,11,,59,34,,
1536,note_on,,0,0,8,,,,,,,,,7,,54,34,,
1536,note_on,,48,0,8,,,,,,,,,7,,51,0,,
1536,time_signature,,1200,1,0,4,4,24,8,,,,,,,,,,
1536,note_on,,48,0,13,,,,,,,,,12,,47,34,,
1537,note_on,,0,0,9,,,,,,,,,8,,51,34,,
1537,note_on,,48,0,9,,,,,,,,,8,,47,0,,
1537,control_change,,3,0,2,,,,,,,11,77,1,,,,,
1540,control_change,,3,0,2,,,,,,,11,76,1,,,,,
1542,control_change,,2,0,2,,,,,,,11,75,1,,,,,
1545,control_change,,3,0,2,,,,,,,11,74,1,,,,,
1547,control_change,,2,0,2,,,,,,,11,73,1,,,,,
1550,control_change,,3,0,2,,,,,,,11,72,1,,,,,
1552,control_change,,2,0,2,,,,,,,11,71,1,,,,,
1555,control_change,,3,0,2,,,,,,,11,70,1,,,,,
1557,control_change,,2,0,2,,,,,,,11,69,1,,,,,
1560,control_change,,3,0,2,,,,,,,11,68,1,,,,,
1563,control_change,,3,0,2,,,,,,,11,67,1,,,,,
1565,control_change,,2,0,2,,,,,,,11,66,1,,,,,
1568,control_change,,3,0,2,,,,,,,11,65,1,,,,,
1570,control_change,,2,0,2,,,,,,,11,64,1,,,,,
1573,control_change,,3,0,2,,,,,,,11,63,1,,,,,
1575,control_change,,2,0,2,,,,,,,11,62,1,,,,,
1578,control_change,,3,0,2,,,,,,,11,61,1,,,,,
1580,control_change,,2,0,2,,,,,,,11,60,1,,,,,
1583,control_change,,3,0,2,,,,,,,11,59,1,,,,,
1584,note_on,,48,0,8,,,,,,,,,7,,54,0,,
1584,note_on,,0,0,8,,,,,,,,,7,,59,34,,
1584,note_on,,48,0,13,,,,,,,,,12,,47,0,,
1584,note_on,,48,0,12,,,,,,,,,11,,59,0,,
1585,note_on,,0,0,9,,,,,,,,,8,,54,34,,
1585,note_on,,48,0,9,,,,,,,,,8,,51,0,,
1586,control_change,,3,0,2,,,,,,,11,58,1,,,,,
1588,control_change,,2,0,2,,,,,,,11,57,1,,,,,
1591,control_change,,3,0,2,,,,,,,11,56,1,,,,,
1593,control_change,,2,0,2,,,,,,,11,55,1,,,,,
1596,control_change,,3,0,2,,,,,,,11,54,1,,,,,
1598,control_change,,2,0,2,,,,,,,11,53,1,,,,,
1601,control_change,,3,0,2,,,,,,,11,52,1,,,,,
1603,control_change,,2,0,2,,,,,,,11,51,1,,,,,
1606,control_change,,3,0,2,,,,,,,11,50,1,,,,,
1609,control_change,,3,0,2,,,,,,,11,49,1,,,,,
1611,control_change,,2,0,2,,,,,,,11,48,1,,,,,
1614,control_change,,3,0,2,,,,,,,11,47,1,,,,,
1616,control_change,,2,0,2,,,,,,,11,46,1,,,,,
1619,control_change,,3,0,2,,,,,,,11,45,1,,,,,
1621,control_change,,2,0,2,,,,,,,11,44,1,,,,,
1624,control_change,,3,0,2,,,,,,,11,43,1,,,,,
1626,control_change,,2,0,2,,,,,,,11,42,1,,,,,
1629,control_change,,3,0,2,,,,,,,11,41,1,,,,,
1631,control_change,,2,0,2,,,,,,,11,40,1,,,,,
1632,note_on,,1,0,2,,,,,,,,,1,,71,0,,
1632,end_of_track,,0,1,2,,,,,,,,,,,,,,
1632,end_of_track,,0,1,11,,,,,,,,,,,,,,
1632,end_of_track,,192,1,3,,,,,,,,,,,,,,
1632,note_on,,48,0,8,,,,,,,,,7,,59,0,,
1632,note_on,,144,0,11,,,,,,,,,10,,59,0,,
1632,end_of_track,,192,1,4,,,,,,,,,,,,,,
1632,end_of_track,,0,1,8,,,,,,,,,,,,,,
1632,end_of_track,,192,1,14,,,,,,,,,,,,,,
1633,end_of_track,,192,1,5,,,,,,,,,,,,,,
1633,end_of_track,,192,1,1,,,,,,,,,,,,,,
1633,note_on,,48,0,9,,,,,,,,,8,,54,0,,
1633,end_of_track,,0,1,9,,,,,,,,,,,,,,
1634,end_of_track,,192,1,7,,,,,,,,,,,,,,
1680,end_of_track,,96,1,13,,,,,,,,,,,,,,
1680,end_of_track,,96,1,12,,,,,,,,,,,,,,
1680,end_of_track,,0,1,0,,,,,,,,,,,,,,
1680,time_signature,,144,1,0,3,4,24,8,,,,,,,,,,
